1,1,ALADAĞ(KARSANTI),37.545346,35.394601
2,1,CEYHAN,37.028758,35.812426
3,1,ÇUKUROVA,37.0479,35.298625
4,1,FEKE,37.814467,35.910387
5,1,İMAMOĞLU,37.257732,35.661302
6,1,KARAİSALI,37.257344,35.058146
7,1,KARATAŞ,36.566428,35.383983
8,1,KOZAN,37.452117,35.819271
9,1,POZANTI,37.425578,34.873605
10,1,SAİMBEYLİ,37.986086,36.089583
11,1,SARIÇAM,37.025258,35.398707
12,1,SEYHAN,36.986267,35.325072
13,1,TUFANBEYLİ,38.262535,36.220476
14,1,YUMURTALIK,36.768644,35.788207
15,1,YÜREĞİR,36.986562,35.337837
17,2,BESNİ,37.693394,37.860899
18,2,ÇELİKHAN,38.033066,38.237194
19,2,GERGER,38.028853,39.032266
20,2,GÖLBAŞI,37.783403,37.641854
21,2,KAHTA,37.786896,38.618996
22,2,SAMSAT,37.579206,38.482434
23,2,SİNCİK,38.032164,38.631115
24,2,TUT,37.796598,37.915094
25,3,AFYON,38.919102,30.898497
26,3,BAŞMAKÇI,37.898782,30.009282
27,3,BAYAT,38.984253,30.923893
28,3,BOLVADİN,38.712599,31.048399
29,3,ÇAY,38.592256,31.02604
30,3,ÇOBANLAR,38.701464,30.781546
31,3,DAZKIRI,37.919899,29.860099
32,3,DİNAR,38.066894,30.168796
33,3,EMİRDAĞ,39.020197,31.150996
34,3,EVCİLER,38.041827,29.885836
35,3,HOCALAR,38.576666,29.969666
36,3,İHSANİYE,39.031878,30.416785
37,3,İSCEHİSAR,38.861281,30.749188
38,3,KIZILÖREN,38.258795,30.152393
39,3,SANDIKLI,38.465176,30.272623
40,3,SİNCANLI(SİNANPAŞA),38.756863,30.538866
41,3,SULTANDAĞI,38.531634,31.229904
42,3,ŞUHUT,38.532897,30.544408
44,4,DİYADİN,39.540097,43.677293
45,4,DOĞUBEYAZIT,39.547073,44.06877
46,4,ELEŞKİRT,39.8014,42.676794
47,4,HAMUR,39.608754,42.986408
48,4,PATNOS,39.233576,42.863302
49,4,TAŞLIÇAY,39.636077,43.381028
50,4,TUTAK,39.542197,42.771791
52,5,GÖYNÜCEK,40.397394,35.524237
53,5,GÜMÜŞHACIKÖY,40.873615,35.215935
54,5,HAMAMÖZÜ,40.782671,35.023328
55,5,MERZİFON,40.874768,35.46175
56,5,SULUOVA,40.836469,35.645591
57,5,TAŞOVA,40.760551,36.322534
58,6,AKYURT,40.131094,33.082661
59,6,ALTINDAĞ,39.941974,32.854399
60,6,AYAŞ,40.019422,32.3322
61,6,BALA,39.553373,33.123768
62,6,BEYPAZARI,40.168215,31.920439
63,6,ÇAMLIDERE,40.491619,32.476532
64,6,ÇANKAYA,39.885347,32.855334
65,6,ÇUBUK,40.238734,33.032661
66,6,ELMADAĞ,39.922126,33.226266
67,6,ETİMESGUT,39.948943,32.662106
68,6,EVREN,39.020232,33.805787
69,6,GÖLBAŞI,39.798288,32.805747
70,6,GÜDÜL,40.210509,32.245521
71,6,HAYMANA,39.434231,32.495648
72,6,KALECİK,40.106529,33.411382
73,6,KAZAN,40.205164,32.681177
74,6,KEÇİÖREN,39.978667,32.871288
75,6,KIZILCAHAMAM,40.470348,32.650194
76,6,MAMAK,39.932272,32.907274
77,6,NALLIHAN,40.188866,31.350611
78,6,POLATLI,39.585042,32.144694
79,6,PURSAKLAR,40.038461,32.903348
80,6,SİNCAN,39.964132,32.58168
81,6,ŞEREFLİKOÇHİSAR,38.937886,33.539158
82,6,YENİMAHALLE,39.967512,32.79026
83,7,AKSEKİ,37.045948,31.790363
84,7,AKSU,36.947594,30.850168
85,7,ALANYA,36.544439,31.995403
86,7,DEMRE(KALE),36.244437,29.987471
87,7,DÖŞEMEALTI,37.023025,30.601209
88,7,ELMALI,36.737836,29.916657
89,7,FİNİKE,36.29719,30.146033
90,7,GAZİPAŞA,36.268556,32.314296
91,7,GÜNDOĞMUŞ,36.814942,31.998952
92,7,İBRADI(AYDINKENT),37.095962,31.595527
93,7,KAŞ,36.199906,29.639544
94,7,KEMER,36.602789,30.559761
95,7,KEPEZ,36.906702,30.682363
96,7,KONYAALTI,36.87582,30.643735
97,7,KORKUTELİ,37.064423,30.196581
98,7,KUMLUCA,36.366945,30.285757
99,7,MANAVGAT,36.786862,31.441277
100,7,MURATPAŞA,36.888607,30.707614
101,7,SERİK,36.917392,31.104445
102,8,ARDANUÇ,41.123376,42.065527
103,8,ARHAVİ,41.35305,41.308992
105,8,BORÇKA,41.363696,41.679098
106,8,HOPA,41.394618,41.419836
107,8,MURGUL(GÖKTAŞ),41.278482,41.562254
108,8,ŞAVŞAT,41.252753,42.354667
109,8,YUSUFELİ,40.82053,41.543596
111,9,BOZDOĞAN,37.672868,28.310155
112,9,BUHARKENT(ÇUBUKDAĞI),37.9639,28.742954
113,9,ÇİNE,37.61408,28.061133
114,9,DİDİM(YENİHİSAR),37.376093,27.264722
115,9,GERMENCİK,37.872646,27.601132
116,9,İNCİRLİOVA,37.85378,27.72342
117,9,KARACASU,37.729062,28.607228
118,9,KARPUZLU,37.560344,27.835808
119,9,KOÇARLI,37.762025,27.704493
120,9,KÖŞK,37.853688,28.052132
121,9,KUŞADASI,37.857911,27.261012
122,9,KUYUCAK,37.913857,28.459778
123,9,NAZİLLİ,37.909772,28.324285
124,9,SÖKE,37.751954,27.405659
125,9,SULTANHİSAR,37.889727,28.154459
126,9,YENİPAZAR,37.823396,28.195673
127,10,AYVALIK,39.319181,26.692379
129,10,BALYA,39.74987,27.578818
130,10,BANDIRMA,40.353706,27.9714
131,10,BİGADİÇ,39.393879,28.131543
132,10,BURHANİYE,39.503049,26.980172
133,10,DURSUNBEY,39.585667,28.627053
134,10,EDREMİT,39.594661,27.021881
135,10,ERDEK,40.398315,27.791665
136,10,GÖMEÇ,39.39093,26.839954
137,10,GÖNEN,40.102569,27.658364
138,10,HAVRAN,39.557789,27.100232
139,10,İVRİNDİ,39.582004,27.485375
140,10,KEPSUT,39.690398,28.152437
141,10,MANYAS,40.047409,27.969522
142,10,MARMARA,40.587758,27.557214
143,10,SAVAŞTEPE,39.383423,27.653899
144,10,SINDIRGI,39.238843,28.174976
145,10,SUSURLUK,39.913908,28.156893
147,11,BOZÜYÜK,39.906057,30.039825
148,11,GÖLPAZARI,40.283611,30.315293
149,11,İNHİSAR,40.0491,30.385622
150,11,OSMANELİ,40.358393,30.013396
151,11,PAZARYERİ,39.995527,29.903443
152,11,SÖĞÜT,40.015098,30.183394
153,11,YENİPAZAR,40.178035,30.51895
154,12,ADAKLI,39.228559,40.482677
156,12,GENÇ,38.748401,40.553931
157,12,KARLIOVA,39.297994,41.014363
158,12,KİĞI,39.310054,40.349044
159,12,SOLHAN,38.967908,41.053763
160,12,YAYLADERE,39.227951,40.069075
161,12,YEDİSU,39.433938,40.54529
162,13,ADİLCEVAZ,38.804923,42.736505
163,13,AHLAT,38.75528,42.48707
165,13,GÜROYMAK,38.576433,42.02062
166,13,HİZAN,38.225518,42.428105
167,13,MUTKİ,38.408588,41.922317
168,13,TATVAN,38.501991,42.281275
170,14,DÖRTDİVAN,40.720764,32.062471
171,14,GEREDE,40.80032,32.19332
172,14,GÖYNÜK,40.403204,30.785642
173,14,KIBRISCIK,40.408286,31.848124
174,14,MENGEN,40.939139,32.073862
175,14,MUDURNU,40.462574,31.211929
176,14,SEBEN,40.411156,31.569862
177,14,YENİÇAĞA,40.771322,32.029935
178,15,AĞLASUN,37.649366,30.533997
179,15,ALTINYAYLA(DİRMİL),36.997544,29.544611
180,15,BUCAK,37.456543,30.589827
182,15,ÇAVDIR,37.15514,29.689769
183,15,ÇELTİKÇİ,37.533844,30.482739
184,15,GÖLHİSAR,37.140801,29.507456
185,15,KARAMANLI,37.372924,29.823852
186,15,KEMER,37.353313,30.061214
187,15,TEFENNİ,37.309499,29.774714
188,15,YEŞİLOVA,37.506855,29.752894
189,16,BÜYÜKORHAN,39.773186,28.885373
190,16,GEMLİK,40.431815,29.155415
191,16,GÜRSU,40.217892,29.19372
192,16,HARMANCIK,39.677794,29.156296
193,16,İNEGÖL,40.080049,29.509594
194,16,İZNİK,40.429522,29.719737
195,16,KARACABEY,40.216032,28.358996
196,16,KELES,39.912885,29.235896
197,16,KESTEL,40.200949,29.21253
198,16,MUDANYA,40.376973,28.883244
199,16,MUSTAFAKEMALPAŞA,40.039434,28.405169
200,16,NİLÜFER,40.213291,28.977055
201,16,ORHANELİ,39.903794,28.990691
202,16,ORHANGAZİ,40.490076,29.308803
203,16,OSMANGAZİ,40.188652,29.060841
204,16,YENİŞEHİR,40.264194,29.650684
205,16,YILDIRIM,40.191697,29.095399
206,17,AYVACIK,39.603751,26.401855
207,17,BAYRAMİÇ,39.80952,26.612042
208,17,BİGA,40.226527,27.243621
209,17,BOZCAADA,39.834837,26.070197
210,17,ÇAN,40.028165,27.046629
212,17,ECEABAT,40.184284,26.359391
213,17,EZİNE,39.787124,26.335864
214,17,GELİBOLU,40.413979,26.669993
215,17,GÖKÇEADA(İMROZ),40.224943,25.949885
216,17,LAPSEKİ,40.345473,26.684303
217,17,YENİCE,39.92954,27.259323
218,18,ATKARACALAR,40.815507,33.075475
219,18,BAYRAMÖREN,40.943001,33.204033
221,18,ÇERKEŞ,40.811323,32.891122
222,18,ELDİVAN,40.6002,33.616216
223,18,ILGAZ,40.925234,33.627175
224,18,KIZILIRMAK,40.347431,33.98713
225,18,KORGUN,40.735881,33.518191
226,18,KURŞUNLU,40.841293,33.260743
227,18,ORTA,40.625728,33.108362
228,18,ŞABANÖZÜ,40.483162,33.282662
229,18,YAPRAKLI,40.757047,33.778802
230,19,ALACA,40.169277,34.84176
231,19,BAYAT,40.6445,34.262859
232,19,BOĞAZKALE,40.021563,34.609276
234,19,DODURGA,40.858762,34.808918
235,19,İSKİLİP,40.730647,34.471007
236,19,KARGI,41.134529,34.48715
237,19,LAÇİN,40.770604,34.887457
238,19,MECİTÖZÜ,40.52052,35.295284
239,19,OĞUZLAR(KARAÖREN),40.754287,34.70483
240,19,ORTAKÖY,40.272754,35.248203
241,19,OSMANCIK,40.968955,34.800114
242,19,SUNGURLU,40.163653,34.37522
243,19,UĞURLUDAĞ,40.445419,34.451613
244,20,ACIPAYAM,37.426381,29.35114
245,20,AKKÖY,37.955315,29.078079
246,20,BABADAĞ,37.810661,28.858774
247,20,BAKLAN,37.976743,29.606909
248,20,BEKİLLİ,38.230167,29.418784
249,20,BEYAĞAÇ,37.235993,28.8975
250,20,BOZKURT,37.821016,29.606388
251,20,BULDAN,38.044199,28.834591
252,20,ÇAL,38.083006,29.397278
253,20,ÇAMELİ,37.076761,29.351482
254,20,ÇARDAK,37.825034,29.668318
255,20,ÇİVRİL,38.302116,29.740255
257,20,GÜNEY,38.154478,29.064353
258,20,HONAZ,37.756954,29.264255
259,20,KALE,37.451888,28.849889
260,20,SARAYKÖY,37.924446,28.923075
261,20,SERİNHİSAR,37.58795,29.266034
262,20,TAVAS,37.573065,29.071324
263,21,BAĞLAR,37.917323,40.208305
264,21,BİSMİL,37.850055,40.668682
265,21,ÇERMİK,38.135089,39.456118
266,21,ÇINAR,37.724132,40.41348
267,21,ÇÜNGÜŞ,38.212322,39.288403
268,21,DİCLE,38.373301,40.07557
269,21,EĞİL,38.25791,40.081148
270,21,ERGANİ,38.268031,39.761725
271,21,HANİ,37.926631,40.212096
272,21,HAZRO,38.253752,40.78081
273,21,KAYAPINAR,37.930686,40.183745
274,21,KOCAKÖY,38.291816,40.505512
275,21,KULP,38.500114,41.009853
276,21,LİCE,38.453182,40.652054
277,21,SİLVAN,38.141219,41.0128
278,21,SUR,37.926631,40.212096
279,21,YENİŞEHİR,37.919927,40.218905
281,22,ENEZ,40.725022,26.08457
282,22,HAVSA,41.677393,26.555529
283,22,İPSALA,40.929227,26.39394
284,22,KEŞAN,40.858612,26.630036
285,22,LALAPAŞA,41.839138,26.734617
286,22,MERİÇ,41.191045,26.418168
287,22,SÜLOĞLU(SÜLEOĞLU),41.76748,26.911684
288,22,UZUNKÖPRÜ,41.266974,26.687671
289,23,AĞIN,38.943001,38.715565
290,23,ALACAKAYA,38.461828,39.861708
291,23,ARICAK,38.563506,40.134625
292,23,BASKİL,38.567823,38.823713
294,23,KARAKOÇAN,38.955774,40.035945
295,23,KEBAN,38.793887,38.744536
296,23,KOVANCILAR,38.717913,39.866586
297,23,MADEN,38.391686,39.667591
298,23,PALU,38.692432,39.93245
299,23,SİVRİCE,38.447036,39.309343
300,24,ÇAYIRLI,39.804233,40.037086
302,24,ILIÇ(İLİÇ),39.456484,38.564711
303,24,KEMAH,39.60225,39.035015
304,24,KEMALİYE,39.262039,38.496888
305,24,OTLUKBELİ,39.973594,40.022093
306,24,REFAHİYE,39.899581,38.768063
307,24,TERCAN,39.777629,40.383665
308,24,ÜZÜMLÜ,39.710293,39.701304
309,25,AŞKALE,39.920182,40.694697
310,25,AZİZİYE(ILICA),39.945784,41.105183
311,25,ÇAT,39.61204,40.977577
312,25,HINIS,39.35964,41.709416
313,25,HORASAN,40.040042,42.168869
314,25,İSPİR,40.484273,41.000385
315,25,KARAÇOBAN,39.350678,42.112742
316,25,KARAYAZI,39.702757,42.145549
317,25,KÖPRÜKÖY,39.973594,41.873116
318,25,NARMAN,40.343685,41.870188
319,25,OLTU,40.545963,41.995629
320,25,OLUR,40.827804,42.128552
321,25,PALANDÖKEN,39.894052,41.270868
322,25,PASİNLER,39.977181,41.668076
323,25,PAZARYOLU,40.414301,40.77365
324,25,ŞENKAYA,40.561599,42.347112
325,25,TEKMAN,39.645439,41.507376
326,25,TORTUM,40.294645,41.549948
327,25,UZUNDERE,40.532784,41.547935
328,25,YAKUTİYE,39.913549,41.270688
329,26,ALPU,39.765755,30.958604
330,26,BEYLİKOVA,39.689399,31.205766
331,26,ÇİFTELER,39.381994,31.0408
332,26,GÜNYÜZÜ,39.384196,31.81
333,26,HAN,39.160594,30.861693
334,26,İNÖNÜ,39.822495,30.145494
335,26,MAHMUDİYE,39.494364,30.986353
336,26,MİHALGAZİ,40.026225,30.577044
337,26,MİHALIÇÇIK,39.865967,31.495338
338,26,ODUNPAZARI,39.765776,30.523855
339,26,SARICAKAYA,40.037398,30.617594
340,26,SEYİTGAZİ,39.445613,30.693906
341,26,SİVRİHİSAR,39.451296,31.537792
342,26,TEPEBAŞI,39.78675,30.485281
343,27,ARABAN,37.425363,37.689554
344,27,İSLAHİYE,37.025337,36.631105
345,27,KARKAMIŞ,36.835798,37.995314
346,27,NİZİP,37.009922,37.796948
347,27,NURDAĞI,37.175981,36.740583
348,27,OĞUZELİ,36.965336,37.510709
349,27,ŞAHİNBEY,37.063264,37.381387
350,27,ŞEHİTKAMİL,37.068649,37.372952
351,27,YAVUZELİ,37.318252,37.566827
352,28,ALUCRA,40.318173,38.767524
353,28,BULANCAK,40.937511,38.232038
354,28,ÇAMOLUK,40.129446,38.747527
355,28,ÇANAKÇI,40.917085,39.009736
356,28,DERELİ,40.739912,38.449412
357,28,DOĞANKENT,40.810149,38.916159
358,28,ESPİYE,40.949738,38.708477
359,28,EYNESİL,41.063041,39.141025
361,28,GÖRELE,41.033275,39.002065
362,28,GÜCE,40.892971,38.807625
363,28,KEŞAP,40.91562,38.51304
364,28,PİRAZİZ,40.954559,38.119641
365,28,ŞEBİNKARAHİSAR,40.288496,38.422157
366,28,TİREBOLU,41.007455,38.814586
367,28,YAĞLIDERE,40.864211,38.622437
369,29,KELKİT,40.128743,39.43225
370,29,KÖSE,40.210351,39.653128
371,29,KÜRTÜN,40.701987,39.085429
372,29,ŞİRAN,40.189355,39.127703
373,29,TORUL,40.557865,39.293272
374,30,ÇUKURCA,37.246903,43.612273
376,30,ŞEMDİNLİ,37.303435,44.576956
377,30,YÜKSEKOVA,37.571713,44.28229
378,31,ALTINÖZÜ,36.114389,36.249591
379,31,ANTAKYA,36.215114,36.147228
380,31,BELEN,36.490303,36.194704
381,31,DÖRTYOL,36.843351,36.221563
382,31,ERZİN,36.953838,36.205223
383,31,HASSA,36.798631,36.52196
384,31,İSKENDERUN,36.584759,36.175471
385,31,KIRIKHAN,36.49673,36.360695
386,31,KUMLU,36.362717,36.451074
387,31,REYHANLI,36.26852,36.567586
388,31,SAMANDAĞ,36.086985,35.968535
389,31,YAYLADAĞI,35.902965,36.062669
390,32,AKSU,37.79925,31.069564
391,32,ATABEY,37.950592,30.64078
392,32,EĞİRDİR(EĞRİDİR),37.874063,30.850887
393,32,GELENDOST,38.120827,31.014766
394,32,GÖNEN,37.958886,30.512321
396,32,KEÇİBORLU,37.943052,30.301351
397,32,SENİRKENT,38.107938,30.550176
398,32,SÜTÇÜLER,37.495261,30.978645
399,32,ŞARKİKARAAĞAÇ,38.079789,31.361786
400,32,ULUBORLU,38.078327,30.450939
401,32,YALVAÇ,38.299469,31.175798
402,32,YENİŞARBADEMLİ,37.705942,31.383273
403,33,AKDENİZ,36.799274,34.628338
404,33,ANAMUR,36.077279,32.832885
405,33,AYDINCIK,36.143189,33.321002
406,33,BOZYAZI,36.105423,32.973893
407,33,ÇAMLIYAYLA,37.166528,34.593583
408,33,ERDEMLİ,36.605816,34.310164
409,33,GÜLNAR (GÜLPINAR),36.33873,33.39912
410,33,MEZİTLİ,36.747198,34.527512
411,33,MUT,36.645379,33.437092
412,33,SİLİFKE,36.376324,33.925308
413,33,TARSUS,36.916469,34.895246
414,33,TOROSLAR,36.810427,34.620433
415,33,YENİŞEHİR,36.782331,34.592199
416,34,ADALAR,40.874652,29.129562
417,34,ARNAVUTKÖY,41.18639,28.738885
418,34,ATAŞEHİR,40.992612,29.127235
419,34,AVCILAR,40.981196,28.723092
420,34,BAĞCILAR,41.034506,28.856851
421,34,BAHÇELİEVLER,41.001916,28.863364
422,34,BAKIRKÖY,40.977976,28.869589
423,34,BAŞAKŞEHİR,41.081383,28.808342
424,34,BAYRAMPAŞA,41.035689,28.9119
425,34,BEŞİKTAŞ,41.041675,29.004382
426,34,BEYKOZ,41.134305,29.092057
427,34,BEYLİKDÜZÜ,40.982,28.639899
428,34,BEYOĞLU,41.037907,28.984969
429,34,BÜYÜKÇEKMECE,41.024472,28.585452
430,34,ÇATALCA,41.142257,28.45746
431,34,ÇEKMEKÖY,41.014634,29.190045
432,34,ESENLER,41.037676,28.882381
433,34,ESENYURT,41.035893,28.678994
434,34,EYÜP,41.045885,28.936837
435,34,FATİH,41.016063,28.941625
436,34,GAZİOSMANPAŞA,41.05735,28.913706
437,34,GÜNGÖREN,41.01164,28.873362
438,34,KADIKÖY,40.991414,29.023911
439,34,KAĞITHANE,41.079765,28.97224
440,34,KARTAL,40.887367,29.189345
441,34,KÜÇÜKÇEKMECE,41.003556,28.798093
442,34,MALTEPE,40.923367,29.133631
443,34,PENDİK,40.876547,29.237495
444,34,SANCAKTEPE,40.983422,29.231305
445,34,SARIYER,41.167773,29.056879
446,34,SİLİVRİ,41.073674,28.247865
447,34,SULTANBEYLİ,40.968417,29.262001
448,34,SULTANGAZİ,41.107397,28.859986
449,34,ŞİLE,41.1749,29.609586
450,34,ŞİŞLİ,41.05869,28.987898
451,34,TUZLA,40.817513,29.304203
452,34,ÜMRANİYE,41.025737,29.096297
453,34,ÜSKÜDAR,41.025853,29.015674
454,34,ZEYTİNBURNU,40.988426,28.903878
455,35,ALİAĞA,38.79956,26.97074
456,35,BALÇOVA,38.394987,27.057894
457,35,BAYINDIR,38.217482,27.647944
458,35,BAYRAKLI,38.468071,27.131044
459,35,BERGAMA,39.121447,27.179912
460,35,BEYDAĞ,38.084696,28.210594
461,35,BORNOVA,38.466412,27.219214
462,35,BUCA,38.388129,27.175331
463,35,ÇEŞME,38.324305,26.303211
464,35,ÇİĞLİ,38.496302,27.060382
465,35,DİKİLİ,39.074898,26.889191
466,35,FOÇA,38.670371,26.757911
467,35,GAZİEMİR,38.335132,27.134323
468,35,GÜZELBAHÇE,38.375409,26.87524
469,35,KARABAĞLAR,38.37741,27.132203
470,35,KARABURUN,38.63825,26.512734
471,35,KARŞIYAKA,38.455436,27.120076
472,35,KEMALPAŞA,38.427493,27.418792
473,35,KINIK,39.085898,27.3818
474,35,KİRAZ,38.230195,28.206399
475,35,KONAK,38.428673,27.134898
476,35,MENDERES(CUMAOVASI),38.25174,27.132661
477,35,MENEMEN,38.610365,27.069653
478,35,NARLIDERE,38.394188,27.009915
479,35,ÖDEMİŞ,38.228289,27.974841
480,35,SEFERİHİSAR,38.195147,26.834393
481,35,SELÇUK,37.950841,27.369951
482,35,TİRE,38.089474,27.731837
483,35,TORBALI,38.155727,27.364489
484,35,URLA,38.32497,26.766804
485,36,AKYAKA,40.742557,43.627373
486,36,ARPAÇAY,40.846744,43.332088
487,36,DİGOR,40.375076,43.414176
488,36,KAĞIZMAN,40.140644,43.119116
490,36,SARIKAMIŞ,40.333395,42.590475
491,36,SELİM,40.464111,42.79062
492,36,SUSUZ,40.779632,43.129797
493,37,ABANA,41.978752,34.014744
494,37,AĞLI,41.686989,33.55381
495,37,ARAÇ,41.242637,33.328503
496,37,AZDAVAY,41.642531,33.305713
497,37,BOZKURT,41.957339,34.011672
498,37,CİDE,41.892219,33.003672
499,37,ÇATALZEYTİN,41.951177,34.226702
500,37,DADAY,41.477625,33.469224
501,37,DEVREKANİ,41.603888,33.835207
502,37,DOĞANYURT,42.004298,33.460475
503,37,HANÖNÜ(GÖKÇEAĞAÇ),41.6254,34.463264
504,37,İHSANGAZİ,41.203849,33.554717
505,37,İNEBOLU,41.977244,33.759353
507,37,KÜRE,41.805978,33.71026
508,37,PINARBAŞI,41.603834,33.110761
509,37,SEYDİLER,41.619946,33.718516
510,37,ŞENPAZAR,41.809735,33.231395
511,37,TAŞKÖPRÜ,41.509943,34.21028
512,37,TOSYA,41.017417,34.037463
513,38,AKKIŞLA,39.002353,36.17354
514,38,BÜNYAN,38.855058,35.852095
515,38,DEVELİ,38.388645,35.492814
516,38,FELAHİYE,39.090091,35.567338
517,38,HACILAR,38.645979,35.452552
518,38,İNCESU,38.623298,35.183857
519,38,KOCASİNAN,38.729207,35.478468
520,38,MELİKGAZİ,38.71887,35.487703
521,38,ÖZVATAN(ÇUKUR),39.10638,35.699112
522,38,PINARBAŞI,38.72051,36.395019
523,38,SARIOĞLAN,39.077818,35.966954
524,38,SARIZ,38.480571,36.497795
525,38,TALAS,38.687496,35.555561
526,38,TOMARZA,38.447919,35.799104
527,38,YAHYALI,38.099165,35.359154
528,38,YEŞİLHİSAR,38.356157,35.08594
529,39,BABAESKİ,41.431318,27.091797
530,39,DEMİRKÖY,41.822617,27.762748
532,39,KOFÇAZ,41.942794,27.15714
533,39,LÜLEBURGAZ,41.402741,27.365639
534,39,PEHLİVANKÖY,41.347107,26.924351
535,39,PINARHİSAR,41.624267,27.517885
536,39,VİZE,41.572973,27.767141
537,40,AKÇAKENT,39.624977,34.096221
538,40,AKPINAR,39.451992,33.960216
539,40,BOZTEPE,39.270216,34.265832
540,40,ÇİÇEKDAĞI,39.601666,34.418061
541,40,KAMAN,39.358936,33.723367
543,40,MUCUR,39.063533,34.373846
544,41,BAŞİSKELE,40.745248,29.956344
545,41,ÇAYIROVA,40.824215,29.372233
546,41,DARICA,40.762176,29.384333
547,41,DERİNCE,40.756186,29.830913
548,41,DİLOVASI,40.787621,29.544152
549,41,GEBZE,40.79875,29.434477
550,41,GÖLCÜK,40.716848,29.819531
551,41,İZMİT,40.763891,29.93041
552,41,KANDIRA,41.070357,30.152393
553,41,KARAMÜRSEL,40.691273,29.616413
554,41,KARTEPE,40.753365,30.023215
555,41,KÖRFEZ(TÜTÜNÇİFTLİK),40.776382,29.737712
556,42,AHIRLI,37.239075,32.120871
557,42,AKÖREN,37.452597,32.371133
558,42,AKŞEHİR,38.360252,31.417984
559,42,ALTINEKİN,38.308268,32.86888
560,42,BEYŞEHİR,37.679794,31.724292
561,42,BOZKIR,37.188912,32.245386
562,42,CİHANBEYLİ,38.656877,32.9233
563,42,ÇELTİK,39.023427,31.790551
564,42,ÇUMRA,37.573894,32.781034
565,42,DERBENT,38.013425,32.015319
566,42,DEREBUCAK,37.391074,31.510079
567,42,DOĞANHİSAR,38.145951,31.676744
568,42,EMİRGAZİ,37.904078,33.836141
569,42,EREĞLİ,37.512315,34.048799
570,42,GÜNEYSINIR,37.26792,32.727413
571,42,HADİM,36.986058,32.455871
572,42,HALKAPINAR,37.433638,34.186852
573,42,HÜYÜK,37.951275,31.599327
574,42,ILGIN,38.281719,31.913944
575,42,KADINHANI,38.240866,32.207864
576,42,KARAPINAR,37.715319,33.546569
577,42,KARATAY,37.870987,32.503329
578,42,KULU,39.090238,33.080523
579,42,MERAM,37.870609,32.493968
580,42,SARAYÖNÜ,38.26466,32.407074
581,42,SELÇUKLU,37.887783,32.495055
582,42,SEYDİŞEHİR,37.419259,31.848214
583,42,TAŞKENT,36.923682,32.493223
584,42,TUZLUKÇU,38.474371,31.629475
585,42,YALIHÜYÜK,37.300529,32.08545
586,42,YUNAK,38.813456,31.735646
587,43,ALTINTAŞ,39.057993,30.108555
588,43,ASLANAPA,39.214899,29.87034
589,43,ÇAVDARHİSAR,39.196867,29.617239
590,43,DOMANİÇ,39.800998,29.61273
591,43,DUMLUPINAR,38.855198,29.976197
592,43,EMET,39.344408,29.257895
593,43,GEDİZ,38.990731,29.395697
594,43,HİSARCIK,39.246527,29.235896
596,43,PAZARLAR,38.995196,29.123894
597,43,SİMAV,39.089594,28.978699
598,43,ŞAPHANE,39.024906,29.220058
599,43,TAVŞANLI,39.546996,29.491394
600,44,AKÇADAĞ,38.344499,37.971131
601,44,ARAPKİR(ARAPGİR),39.043038,38.488462
602,44,ARGUVAN,38.782687,38.264791
603,44,BATTALGAZİ,38.424137,38.365357
604,44,DARENDE,38.558668,37.490712
605,44,DOĞANŞEHİR,38.093414,37.878111
606,44,DOĞANYOL,38.310596,39.038051
607,44,HEKİMHAN,38.81652,37.930779
608,44,KALE,38.423741,38.77312
609,44,KULUNCAK,38.885697,37.670294
611,44,PÜTÜRGE(PÖTÜRGE),38.19592,38.868917
612,44,YAZIHAN,38.59576,38.18007
613,44,YEŞİLYURT,38.295455,38.247471
614,45,AHMETLİ,38.516376,27.937956
615,45,AKHİSAR,38.917664,27.836617
616,45,ALAŞEHİR,38.354452,28.516534
617,45,DEMİRCİ,39.047332,28.658539
618,45,GÖLMARMARA,38.713908,27.918417
619,45,GÖRDES,38.933024,28.288667
620,45,KIRKAĞAÇ,39.105358,27.673303
621,45,KÖPRÜBAŞI,38.748218,28.40428
622,45,KULA,38.543233,28.644579
624,45,SALİHLİ,38.487067,28.138046
625,45,SARIGÖL,38.23835,28.69643
626,45,SARUHANLI,38.734977,27.569817
627,45,SELENDİ,38.743983,28.867362
628,45,SOMA,39.185109,27.608786
629,45,TURGUTLU,38.500156,27.708409
630,46,AFŞİN,38.243799,36.914721
631,46,ANDIRIN,37.575717,36.349762
632,46,ÇAĞLIYANCERİT,37.750157,37.2932
633,46,EKİNÖZÜ,38.059315,37.18869
634,46,ELBİSTAN,38.206531,37.193073
635,46,GÖKSUN,38.020375,36.494867
637,46,NURHAK,37.965628,37.44744
638,46,PAZARCIK,37.489456,37.293568
639,46,TÜRKOĞLU,37.384745,36.846234
640,47,DARGEÇİT,37.546183,41.720376
641,47,DERİK,37.36465,40.267935
642,47,KIZILTEPE,37.191377,40.585947
644,47,MAZIDAĞI,37.477365,40.486728
645,47,MİDYAT(ESTEL),37.415146,41.373429
646,47,NUSAYBİN,37.069642,41.213996
647,47,ÖMERLİ,37.403108,40.954823
648,47,SAVUR,37.533923,40.887081
649,47,YEŞİLLİ,37.339608,40.823013
650,48,BODRUM,37.034405,27.430533
651,48,DALAMAN,36.766613,28.799988
652,48,DATÇA,36.726216,27.685843
653,48,FETHİYE,36.659241,29.126346
654,48,KAVAKLIDERE,37.445378,28.36612
655,48,KÖYCEĞİZ,36.966028,28.688588
656,48,MARMARİS,36.854931,28.270871
657,48,MİLAS,37.311637,27.780786
659,48,ORTACA,36.838723,28.765466
660,48,ULA,37.10215,28.417755
661,48,YATAĞAN,37.340246,28.140032
662,49,BULANIK,39.096559,42.268052
663,49,HASKÖY,38.684257,41.690776
664,49,KORKUT,38.738587,41.785818
665,49,MALAZGİRT,39.146144,42.54096
667,49,VARTO,39.173286,41.455966
668,50,ACIGÖL,38.550104,34.50888
669,50,AVANOS,38.710811,34.842075
670,50,DERİNKUYU,38.374546,34.73336
671,50,GÜLŞEHİR,38.742562,34.619203
672,50,HACIBEKTAŞ,38.942923,34.560848
673,50,KOZAKLI,39.21464,34.852522
675,50,ÜRGÜP,38.631162,34.912179
676,51,ALTUNHİSAR,37.99798,34.371214
677,51,BOR,37.89402,34.561773
678,51,ÇAMARDI,37.833485,34.985715
679,51,ÇİFTLİK(ÖZYURT),38.175053,34.48477
681,51,ULUKIŞLA,37.546541,34.484249
682,52,AKKUŞ,40.791322,37.01827
683,52,AYBASTI,40.684497,37.398833
684,52,ÇAMAŞ,40.903468,37.527471
685,52,ÇATALPINAR,40.879554,37.453082
686,52,ÇAYBAŞI,41.01743,37.09849
687,52,FATSA,41.031227,37.500351
688,52,GÖLKÖY,40.687724,37.617581
689,52,GÜLYALI,40.966824,38.056238
690,52,GÜRGENTEPE,40.791418,37.6009
691,52,İKİZCE,41.059805,37.080047
692,52,KABADÜZ(KARADÜZ),40.858721,37.889627
693,52,KABATAŞ,40.750659,37.448366
694,52,KORGAN,40.828575,37.344628
695,52,KUMRU,40.87277,37.261462
696,52,MESUDİYE,40.463302,37.773547
698,52,PERŞEMBE,41.067087,37.773466
699,52,ULUBEY,40.872954,37.758536
700,52,ÜNYE,41.127234,37.288627
701,53,ARDEŞEN,41.191778,40.989093
702,53,ÇAMLIHEMŞİN,41.049306,41.003628
703,53,ÇAYELİ,41.090151,40.727531
704,53,DEREPAZARI,41.023975,40.421771
705,53,FINDIKLI,41.270655,41.140055
706,53,GÜNEYSU,40.977724,40.612582
707,53,HEMŞİN,41.048197,40.899055
708,53,İKİZDERE,40.775235,40.561944
709,53,İYİDERE,41.012171,40.360623
710,53,KALKANDERE,40.928804,40.442397
711,53,PAZAR,41.180655,40.886757
713,54,ADAPAZARI,40.778123,30.400534
714,54,AKYAZI,40.683484,30.624933
715,54,ARİFİYE,40.71369,30.361772
716,54,ERENLER,40.755872,30.415348
717,54,FERİZLİ,40.93918,30.486791
718,54,GEYVE,40.508632,30.290257
719,54,HENDEK,40.79505,30.744706
720,54,KARAPÜRÇEK,40.642878,30.540097
721,54,KARASU,41.095615,30.692352
722,54,KAYNARCA,41.033295,30.307693
723,54,KOCAALİ,41.055494,30.850896
724,54,PAMUKOVA,40.505684,30.169236
725,54,SAPANCA,40.68968,30.261421
726,54,SERDİVAN,40.763501,30.359077
727,54,SÖĞÜTLÜ,40.903393,30.471699
728,54,TARAKLI,40.396563,30.492127
729,55,ALAÇAM,41.604292,35.598645
730,55,ASARCIK,41.037118,36.234966
731,55,ATAKUM,41.332192,36.270378
732,55,AYVACIK,40.989603,36.630827
733,55,BAFRA,41.561956,35.90568
734,55,CANİK,41.267123,36.355475
735,55,ÇARŞAMBA,41.198523,36.721817
736,55,HAVZA,40.968261,35.66698
737,55,İLKADIM,41.289283,36.328643
738,55,KAVAK,41.079119,36.042368
739,55,LADİK,40.912042,35.894819
740,55,ONDOKUZMAYIS(BALLICA),41.493182,36.096734
741,55,SALIPAZARI,41.082287,36.825249
742,55,TEKKEKÖY,41.213265,36.46312
743,55,TERME,41.208645,36.972052
744,55,VEZİRKÖPRÜ,41.143106,35.460592
745,55,YAKAKENT,41.63123,35.53049
746,56,AYDINLAR,37.949881,42.011655
747,56,BAYKAN,38.162642,41.785189
748,56,ERUH,37.750514,42.179873
749,56,KURTALAN,37.926944,41.702787
750,56,PERVARİ,37.932643,42.547607
752,56,ŞİRVAN,38.062242,42.029342
753,57,AYANCIK,41.945805,34.588345
754,57,BOYABAT,41.466099,34.771117
755,57,DİKMEN,41.651162,35.263663
756,57,DURAĞAN,41.416957,35.052083
757,57,ERFELEK,41.880089,34.90952
758,57,GERZE,41.800594,35.192004
759,57,SARAYDÜZÜ,41.328143,34.847222
761,57,TÜRKELİ,41.948421,34.336952
762,58,AKINCILAR,40.078938,38.346367
763,58,ALTINYAYLA,39.273456,36.745829
764,58,DİVRİĞİ,39.374882,38.118518
765,58,DOĞANŞAR,40.214028,37.537595
766,58,GEMEREK,39.184871,36.071724
767,58,GÖLOVA,40.061215,38.608675
768,58,GÜRÜN,38.721347,37.271164
769,58,HAFİK,39.856019,37.38958
770,58,İMRANLI,39.875353,38.112499
771,58,KANGAL,39.235867,37.388843
772,58,KOYULHİSAR,40.301537,37.83218
774,58,SUŞEHRİ,40.16315,38.091497
775,58,ŞARKIŞLA,39.35019,36.407748
776,58,ULAŞ,39.444568,37.041043
777,58,YILDIZELİ,39.866673,36.600392
778,58,ZARA,39.898439,37.757233
779,59,ÇERKEZKÖY,41.282358,28.000586
780,59,ÇORLU,41.162029,27.799822
781,59,HAYRABOLU,41.213448,27.10678
782,59,MALKARA,40.893755,26.903878
783,59,MARMARAEREĞLİSİ,40.96933,27.954835
784,59,MURATLI,41.172619,27.496326
785,59,SARAY,41.44108,27.921579
786,59,ŞARKÖY,40.615153,27.113644
788,60,ALMUS,40.376059,36.903528
789,60,ARTOVA,40.117957,36.30137
790,60,BAŞÇİFTLİK,40.546984,37.16819
791,60,ERBAA,40.67272,36.571242
792,60,NİKSAR,40.590155,36.951184
793,60,PAZAR,40.277254,36.284742
794,60,REŞADİYE,40.392401,37.336031
795,60,SULUSARAY,39.997503,36.083753
797,60,TURHAL,40.386157,36.087822
798,60,YEŞİLYURT,40.00647,36.220351
799,60,ZİLE,40.315099,36.551443
800,61,AKÇAABAT,41.022036,39.57086
801,61,ARAKLI,40.939711,40.055151
802,61,ARSİN,40.953953,39.937211
803,61,BEŞİKDÜZÜ,41.051659,39.231252
804,61,ÇARŞIBAŞI,41.082171,39.381145
805,61,ÇAYKARA,40.74848,40.24236
806,61,DERNEKPAZARI,40.799112,40.247759
807,61,DÜZKÖY,40.874072,39.425207
808,61,HAYRAT,40.888813,40.36754
809,61,KÖPRÜBAŞI,40.80845,40.123477
810,61,MAÇKA,40.814217,39.610655
811,61,OF,40.943444,40.263317
812,61,SÜRMENE,40.91136,40.118752
813,61,ŞALPAZARI,40.941959,39.193029
814,61,TONYA,40.886447,39.29081
816,61,VAKFIKEBİR,41.04583,39.279015
817,61,YOMRA,40.954015,39.866999
818,62,ÇEMİŞGEZEK,39.062573,38.912368
819,62,HOZAT,39.106793,39.220724
820,62,MAZGİRT,39.018739,39.605203
821,62,NAZIMİYE,39.10617,39.548259
822,62,OVACIK,39.357855,39.215244
823,62,PERTEK,38.867763,39.32456
824,62,PÜLÜMÜR,39.486457,39.896832
826,63,AKÇAKALE,36.713344,38.948435
827,63,BİRECİK,37.024991,37.977473
828,63,BOZOVA,37.361474,38.526461
829,63,CEYLANPINAR,36.853054,40.047389
830,63,HALFETİ,37.248231,37.868463
831,63,HARRAN,36.863124,39.024271
832,63,HİLVAN,37.589043,38.958461
833,63,SİVEREK,37.754101,39.317715
834,63,SURUÇ,36.975117,38.424286
836,63,VİRANŞEHİR,37.235864,39.762372
837,64,BANAZ,38.739818,29.753172
838,64,EŞME,38.399879,28.971378
839,64,KARAHALLI,38.319939,29.531495
840,64,SİVASLI,38.499902,29.683858
841,64,ULUBEY,38.421656,29.29045
843,65,BAHÇESARAY,38.126624,42.805882
844,65,BAŞKALE,38.047595,44.014898
845,65,ÇALDIRAN,39.141996,43.913999
846,65,ÇATAK,38.007839,43.058955
847,65,EDREMİT(GÜMÜŞDERE),39.574969,26.80827
848,65,ERCİŞ,39.029068,43.359146
849,65,GEVAŞ,38.297798,43.105497
850,65,GÜRPINAR,38.324114,43.409155
851,65,MURADİYE,38.994537,43.767259
852,65,ÖZALP,38.658299,43.989296
853,65,SARAY,38.650495,44.1701
855,66,AKDAĞMADENİ,39.660174,35.882261
856,66,AYDINCIK,40.12857,35.2863
857,66,BOĞAZLIYAN,39.193666,35.246828
858,66,ÇANDIR,39.24337,35.517194
859,66,ÇAYIRALAN,39.30489,35.644531
860,66,ÇEKEREK,40.071078,35.497503
861,66,KADIŞEHRİ,39.997206,35.791585
862,66,SARAYKENT,39.692792,35.510035
863,66,SARIKAYA,39.493696,35.375521
864,66,SORGUN,39.812817,35.190378
865,66,ŞEFAATLİ,39.500481,34.758217
866,66,YENİFAKILI,39.211985,35.003125
867,66,YERKÖY,39.641605,34.469417
869,67,ALAPLI,41.182685,31.384522
870,67,ÇAYCUMA,41.428641,32.077204
871,67,DEVREK,41.221411,31.954458
872,67,GÖKÇEBEY,41.306044,32.143194
873,67,KARADENİZEREĞLİ,41.282907,31.422628
875,68,AĞAÇÖREN,38.868992,33.914088
877,68,ESKİL,38.401752,33.412792
878,68,GÜLAĞAÇ,38.394337,34.346133
879,68,GÜZELYURT,38.277527,34.372633
880,68,ORTAKÖY,38.736596,34.040795
881,68,SARIYAHŞİ,38.984905,33.844513
882,69,AYDINTEPE,40.389839,40.14677
884,69,DEMİRÖZÜ,40.16253,39.892843
885,70,AYRANCI,37.361761,33.689303
886,70,BAŞYAYLA,36.753704,32.677
887,70,ERMENEK,36.640254,32.89203
889,70,KAZIMKARABEKİR,37.227316,32.958972
890,70,SARIVELİLER,36.69861,32.617765
891,71,BAHŞİLİ,39.813247,33.471802
892,71,BALIŞEYH,39.909772,33.718219
893,71,ÇELEBİ,39.464666,33.52562
894,71,DELİCE,39.943682,34.032612
895,71,KARAKEÇİLİ,39.593111,33.378171
896,71,KESKİN,39.671831,33.610799
898,71,SULAKYURT,40.158449,33.71812
899,71,YAHŞİHAN,39.848895,33.452345
901,72,BEŞİRİ,37.916206,41.292715
902,72,GERCÜŞ,37.568296,41.385322
903,72,HASANKEYF,37.7128,41.4152
904,72,KOZLUK,38.193757,41.488853
905,72,SASON,38.333766,41.420285
906,73,BEYTÜŞŞEBAP,37.570012,43.163951
907,73,CİZRE,37.332342,42.18547
908,73,GÜÇLÜKONAK,37.47211,41.912436
909,73,İDİL,37.340196,41.893391
910,73,SİLOPİ,37.248698,42.471296
912,73,ULUDERE,37.445105,42.856853
913,74,AMASRA,41.747019,32.385533
915,74,KURUCAŞİLE,41.843901,32.720685
916,74,ULUS,41.583745,32.639801
918,75,ÇILDIR,41.126915,43.135052
919,75,DAMAL,41.339612,42.839515
920,75,GÖLE,40.79335,42.609528
921,75,HANAK,41.233409,42.847771
922,75,POSOF,41.509599,42.727801
923,76,ARALIK,39.8739,44.51605
925,76,KARAKOYUNLU,39.970705,44.174376
926,76,TUZLUCA,40.040014,43.663162
927,77,ALTINOVA,40.69664,29.510106
928,77,ARMUTLU,40.518841,28.829381
929,77,ÇINARCIK,40.64515,29.11924
930,77,ÇİFTLİKKÖY,40.662747,29.315343
931,77,TERMAL,40.606082,29.174343
933,78,EFLANİ,41.423124,32.958658
934,78,ESKİPAZAR,40.9445,32.532192
936,78,OVACIK,41.073273,32.917506
937,78,SAFRANBOLU,41.249302,32.683127
938,78,YENİCE,41.200199,32.329199
939,79,ELBEYLİ,36.675002,37.466925
941,79,MUSABEYLİ,36.885894,36.915916
942,79,POLATELİ,36.842174,37.143549
943,80,BAHÇE,37.196616,36.572589
944,80,DÜZİÇİ,37.240174,36.453311
945,80,HASANBEYLİ,37.131717,36.552979
946,80,KADİRLİ,37.374021,36.097416
948,80,SUMBAS,37.447326,36.027626
949,80,TOPRAKKALE,37.062414,36.145216
950,81,AKÇAKOCA,41.08818,31.123975
951,81,CUMAYERİ,40.873336,30.950752
952,81,ÇİLİMLİ,40.893428,31.046863
954,81,GÖLYAKA,40.776723,30.996405
955,81,GÜMÜŞOVA,40.846021,30.939056
956,81,KAYNAŞLI,40.776027,31.303862
957,81,YIĞILCA,40.96028,31.443038
959,9,EFELER,37.374415,27.260374